{
    "method_name": "len_avg_orig",
    "auroc": 0.818452380952381,
    "ece": 0.12963658837654238,
    "runtime_avg_seconds": 0.0011272613818828876,
    "probability_range": [
        0.0,
        1.0
    ],
    "hyperparameters": {
        "inverted": false,
        "calibration": "Isotonic"
    },
    "description": "Factual responses are shorter",
    "code_snippet": "IsotonicRegression LOO calibration",
    "per_prompt_scores": {
        "ba12d3aa-adef-434e-8fe8-ac1216fdc37d": {
            "llama-3.1-8b-instant": 0.26262626262626565,
            "llama-3.3-70b-versatile": 0.0
        },
        "de5b7c3f-45b7-4d82-9ffb-24afb387ba04": {
            "llama-3.1-8b-instant": 0.7085137085137072,
            "llama-3.3-70b-versatile": 1.0
        },
        "58e93d8f-ac50-4ba6-a999-6293d7fb6a15": {
            "llama-3.1-8b-instant": 0.0,
            "llama-3.3-70b-versatile": 0.0
        },
        "f2bd1c88-8737-42d1-ab77-4697a56605df": {
            "llama-3.1-8b-instant": 0.6666666666666666,
            "llama-3.3-70b-versatile": 0.6666666666666666
        },
        "a40ad626-c1d7-4ce3-a63a-df716573caa8": {
            "llama-3.1-8b-instant": 1.0,
            "llama-3.3-70b-versatile": 0.9853479853479854
        },
        "c5f7997e-73da-4480-b455-337442f2a937": {
            "llama-3.1-8b-instant": 1.0,
            "llama-3.3-70b-versatile": 1.0
        },
        "aa3c3d12-c6ed-4a0d-b550-5f67beae1865": {
            "llama-3.1-8b-instant": 0.0,
            "llama-3.3-70b-versatile": 0.0
        },
        "84b181b0-684a-4138-a46e-d69b6febe8b6": {
            "llama-3.1-8b-instant": 0.0,
            "llama-3.3-70b-versatile": 0.0
        },
        "829643fb-7d3c-4420-9156-5b0f21fd0d5f": {
            "llama-3.1-8b-instant": 1.0,
            "llama-3.3-70b-versatile": 1.0
        },
        "0fefe0ed-1a14-44d6-9ddd-f20e6386945a": {
            "llama-3.1-8b-instant": 0.3333333333333333,
            "llama-3.3-70b-versatile": 0.3333333333333333
        },
        "f1774bf0-384e-4c89-add0-89ea06432cde": {
            "llama-3.1-8b-instant": 1.0,
            "llama-3.3-70b-versatile": 1.0
        },
        "e9ab3810-7cbf-4525-9652-af73e81bb866": {
            "llama-3.1-8b-instant": 0.8333333333333334,
            "llama-3.3-70b-versatile": 0.14365671641791156
        },
        "1afe8529-22fd-4bc4-b8ab-1a5b08889c17": {
            "llama-3.1-8b-instant": 0.6666666666666666,
            "llama-3.3-70b-versatile": 0.6666666666666666
        }
    }
}