{
    "method_name": "len_var_inv",
    "auroc": 0.4017857142857143,
    "ece": 0.3552385023496829,
    "runtime_avg_seconds": 0.0009700610087468074,
    "probability_range": [
        0.23017073697860385,
        1.0
    ],
    "hyperparameters": {
        "inverted": true,
        "calibration": "Isotonic"
    },
    "description": "Factual responses have higher length variance",
    "code_snippet": "IsotonicRegression LOO calibration",
    "per_prompt_scores": {
        "ba12d3aa-adef-434e-8fe8-ac1216fdc37d": {
            "llama-3.1-8b-instant": 0.375,
            "llama-3.3-70b-versatile": 0.23017073697860385
        },
        "de5b7c3f-45b7-4d82-9ffb-24afb387ba04": {
            "llama-3.1-8b-instant": 0.4375,
            "llama-3.3-70b-versatile": 0.4375
        },
        "58e93d8f-ac50-4ba6-a999-6293d7fb6a15": {
            "llama-3.1-8b-instant": 0.4375,
            "llama-3.3-70b-versatile": 0.4117647058823529
        },
        "f2bd1c88-8737-42d1-ab77-4697a56605df": {
            "llama-3.1-8b-instant": 0.375,
            "llama-3.3-70b-versatile": 0.375
        },
        "a40ad626-c1d7-4ce3-a63a-df716573caa8": {
            "llama-3.1-8b-instant": 1.0,
            "llama-3.3-70b-versatile": 0.8
        },
        "c5f7997e-73da-4480-b455-337442f2a937": {
            "llama-3.1-8b-instant": 0.375,
            "llama-3.3-70b-versatile": 0.375
        },
        "aa3c3d12-c6ed-4a0d-b550-5f67beae1865": {
            "llama-3.1-8b-instant": 0.4375,
            "llama-3.3-70b-versatile": 0.4375
        },
        "84b181b0-684a-4138-a46e-d69b6febe8b6": {
            "llama-3.1-8b-instant": 1.0,
            "llama-3.3-70b-versatile": 0.4375
        },
        "829643fb-7d3c-4420-9156-5b0f21fd0d5f": {
            "llama-3.1-8b-instant": 0.9125400516197034,
            "llama-3.3-70b-versatile": 0.8
        },
        "0fefe0ed-1a14-44d6-9ddd-f20e6386945a": {
            "llama-3.1-8b-instant": 0.4375,
            "llama-3.3-70b-versatile": 0.4375
        },
        "f1774bf0-384e-4c89-add0-89ea06432cde": {
            "llama-3.1-8b-instant": 0.375,
            "llama-3.3-70b-versatile": 0.8
        },
        "e9ab3810-7cbf-4525-9652-af73e81bb866": {
            "llama-3.1-8b-instant": 0.4375,
            "llama-3.3-70b-versatile": 0.767187358096449
        },
        "1afe8529-22fd-4bc4-b8ab-1a5b08889c17": {
            "llama-3.1-8b-instant": 0.4217543986647505,
            "llama-3.3-70b-versatile": 0.8
        }
    }
}