method_name,auroc,ece,mean_uncertainty_factual,mean_uncertainty_adversarial,runtime_per_prompt,probability_min,probability_max,notes
len_avg_orig,0.818452380952381,0.12963658837654238,0.2203827918113631,0.7206524645890318,0.0011272613818828876,0.0,1.0,Factual responses are shorter
ncd_std_inv,0.6220238095238095,0.07797347226999227,0.3796085314986739,0.5673475233332306,0.0008867520552415114,0.0,1.0,Factual responses have more varied compression patterns
len_var_inv,0.4017857142857143,0.3552385023496829,0.42753820090978156,0.49029566133509983,0.0009700610087468074,0.23017073697860385,1.0,Factual responses have higher length variance
